{
  "success": true,
  "error": null,
  "results": {
    "detectors": [
      {
        "elements": [
          {
            "type": "function",
            "name": "claimThrone",
            "source_mapping": {
              "start": 156,
              "length": 424,
              "filename_relative": "contract.sol",
              "filename_absolute": "D:/PythonCode/blockchain_front/sample/contract.sol",
              "filename_short": "contract.sol",
              "is_dependency": false,
              "lines": [
                8,
                9,
                10,
                11,
                12,
                13,
                14,
                15,
                16
              ],
              "starting_column": 5,
              "ending_column": 6
            },
            "type_specific_fields": {
              "parent": {
                "type": "contract",
                "name": "VulnerableKingOfEther",
                "source_mapping": {
                  "start": 61,
                  "length": 522,
                  "filename_relative": "contract.sol",
                  "filename_absolute": "D:/PythonCode/blockchain_front/sample/contract.sol",
                  "filename_short": "contract.sol",
                  "is_dependency": false,
                  "lines": [
                    4,
                    5,
                    6,
                    7,
                    8,
                    9,
                    10,
                    11,
                    12,
                    13,
                    14,
                    15,
                    16,
                    17,
                    18
                  ],
                  "starting_column": 1,
                  "ending_column": 0
                }
              },
              "signature": "claimThrone()"
            }
          },
          {
            "type": "node",
            "name": "(sent,None) = king.call{value: balance}()",
            "source_mapping": {
              "start": 287,
              "length": 44,
              "filename_relative": "contract.sol",
              "filename_absolute": "D:/PythonCode/blockchain_front/sample/contract.sol",
              "filename_short": "contract.sol",
              "is_dependency": false,
              "lines": [
                11
              ],
              "starting_column": 9,
              "ending_column": 53
            },
            "type_specific_fields": {
              "parent": {
                "type": "function",
                "name": "claimThrone",
                "source_mapping": {
                  "start": 156,
                  "length": 424,
                  "filename_relative": "contract.sol",
                  "filename_absolute": "D:/PythonCode/blockchain_front/sample/contract.sol",
                  "filename_short": "contract.sol",
                  "is_dependency": false,
                  "lines": [
                    8,
                    9,
                    10,
                    11,
                    12,
                    13,
                    14,
                    15,
                    16
                  ],
                  "starting_column": 5,
                  "ending_column": 6
                },
                "type_specific_fields": {
                  "parent": {
                    "type": "contract",
                    "name": "VulnerableKingOfEther",
                    "source_mapping": {
                      "start": 61,
                      "length": 522,
                      "filename_relative": "contract.sol",
                      "filename_absolute": "D:/PythonCode/blockchain_front/sample/contract.sol",
                      "filename_short": "contract.sol",
                      "is_dependency": false,
                      "lines": [
                        4,
                        5,
                        6,
                        7,
                        8,
                        9,
                        10,
                        11,
                        12,
                        13,
                        14,
                        15,
                        16,
                        17,
                        18
                      ],
                      "starting_column": 1,
                      "ending_column": 0
                    }
                  },
                  "signature": "claimThrone()"
                }
              }
            },
            "additional_fields": {
              "underlying_type": "external_calls"
            }
          },
          {
            "type": "node",
            "name": "balance = msg.value",
            "source_mapping": {
              "start": 525,
              "length": 19,
              "filename_relative": "contract.sol",
              "filename_absolute": "D:/PythonCode/blockchain_front/sample/contract.sol",
              "filename_short": "contract.sol",
              "is_dependency": false,
              "lines": [
                14
              ],
              "starting_column": 9,
              "ending_column": 28
            },
            "type_specific_fields": {
              "parent": {
                "type": "function",
                "name": "claimThrone",
                "source_mapping": {
                  "start": 156,
                  "length": 424,
                  "filename_relative": "contract.sol",
                  "filename_absolute": "D:/PythonCode/blockchain_front/sample/contract.sol",
                  "filename_short": "contract.sol",
                  "is_dependency": false,
                  "lines": [
                    8,
                    9,
                    10,
                    11,
                    12,
                    13,
                    14,
                    15,
                    16
                  ],
                  "starting_column": 5,
                  "ending_column": 6
                },
                "type_specific_fields": {
                  "parent": {
                    "type": "contract",
                    "name": "VulnerableKingOfEther",
                    "source_mapping": {
                      "start": 61,
                      "length": 522,
                      "filename_relative": "contract.sol",
                      "filename_absolute": "D:/PythonCode/blockchain_front/sample/contract.sol",
                      "filename_short": "contract.sol",
                      "is_dependency": false,
                      "lines": [
                        4,
                        5,
                        6,
                        7,
                        8,
                        9,
                        10,
                        11,
                        12,
                        13,
                        14,
                        15,
                        16,
                        17,
                        18
                      ],
                      "starting_column": 1,
                      "ending_column": 0
                    }
                  },
                  "signature": "claimThrone()"
                }
              }
            },
            "additional_fields": {
              "underlying_type": "variables_written",
              "variable_name": "balance"
            }
          },
          {
            "type": "node",
            "name": "king = msg.sender",
            "source_mapping": {
              "start": 555,
              "length": 17,
              "filename_relative": "contract.sol",
              "filename_absolute": "D:/PythonCode/blockchain_front/sample/contract.sol",
              "filename_short": "contract.sol",
              "is_dependency": false,
              "lines": [
                15
              ],
              "starting_column": 9,
              "ending_column": 26
            },
            "type_specific_fields": {
              "parent": {
                "type": "function",
                "name": "claimThrone",
                "source_mapping": {
                  "start": 156,
                  "length": 424,
                  "filename_relative": "contract.sol",
                  "filename_absolute": "D:/PythonCode/blockchain_front/sample/contract.sol",
                  "filename_short": "contract.sol",
                  "is_dependency": false,
                  "lines": [
                    8,
                    9,
                    10,
                    11,
                    12,
                    13,
                    14,
                    15,
                    16
                  ],
                  "starting_column": 5,
                  "ending_column": 6
                },
                "type_specific_fields": {
                  "parent": {
                    "type": "contract",
                    "name": "VulnerableKingOfEther",
                    "source_mapping": {
                      "start": 61,
                      "length": 522,
                      "filename_relative": "contract.sol",
                      "filename_absolute": "D:/PythonCode/blockchain_front/sample/contract.sol",
                      "filename_short": "contract.sol",
                      "is_dependency": false,
                      "lines": [
                        4,
                        5,
                        6,
                        7,
                        8,
                        9,
                        10,
                        11,
                        12,
                        13,
                        14,
                        15,
                        16,
                        17,
                        18
                      ],
                      "starting_column": 1,
                      "ending_column": 0
                    }
                  },
                  "signature": "claimThrone()"
                }
              }
            },
            "additional_fields": {
              "underlying_type": "variables_written",
              "variable_name": "king"
            }
          }
        ],
        "description": "Reentrancy in VulnerableKingOfEther.claimThrone() (contract.sol#8-16):\n\tExternal calls:\n\t- (sent,None) = king.call{value: balance}() (contract.sol#11)\n\tState variables written after the call(s):\n\t- balance = msg.value (contract.sol#14)\n\tVulnerableKingOfEther.balance (contract.sol#6) can be used in cross function reentrancies:\n\t- VulnerableKingOfEther.balance (contract.sol#6)\n\t- VulnerableKingOfEther.claimThrone() (contract.sol#8-16)\n\t- king = msg.sender (contract.sol#15)\n\tVulnerableKingOfEther.king (contract.sol#5) can be used in cross function reentrancies:\n\t- VulnerableKingOfEther.claimThrone() (contract.sol#8-16)\n\t- VulnerableKingOfEther.king (contract.sol#5)\n",
        "markdown": "Reentrancy in [VulnerableKingOfEther.claimThrone()](contract.sol#L8-L16):\n\tExternal calls:\n\t- [(sent,None) = king.call{value: balance}()](contract.sol#L11)\n\tState variables written after the call(s):\n\t- [balance = msg.value](contract.sol#L14)\n\t[VulnerableKingOfEther.balance](contract.sol#L6) can be used in cross function reentrancies:\n\t- [VulnerableKingOfEther.balance](contract.sol#L6)\n\t- [VulnerableKingOfEther.claimThrone()](contract.sol#L8-L16)\n\t- [king = msg.sender](contract.sol#L15)\n\t[VulnerableKingOfEther.king](contract.sol#L5) can be used in cross function reentrancies:\n\t- [VulnerableKingOfEther.claimThrone()](contract.sol#L8-L16)\n\t- [VulnerableKingOfEther.king](contract.sol#L5)\n",
        "first_markdown_element": "contract.sol#L8-L16",
        "id": "2e3821b728051afd432019c5bf963553bc35a27a1f723d997bb62a836db0ed5f",
        "check": "reentrancy-eth",
        "impact": "High",
        "confidence": "Medium"
      },
      {
        "elements": [
          {
            "type": "function",
            "name": "claimThrone",
            "source_mapping": {
              "start": 156,
              "length": 424,
              "filename_relative": "contract.sol",
              "filename_absolute": "D:/PythonCode/blockchain_front/sample/contract.sol",
              "filename_short": "contract.sol",
              "is_dependency": false,
              "lines": [
                8,
                9,
                10,
                11,
                12,
                13,
                14,
                15,
                16
              ],
              "starting_column": 5,
              "ending_column": 6
            },
            "type_specific_fields": {
              "parent": {
                "type": "contract",
                "name": "VulnerableKingOfEther",
                "source_mapping": {
                  "start": 61,
                  "length": 522,
                  "filename_relative": "contract.sol",
                  "filename_absolute": "D:/PythonCode/blockchain_front/sample/contract.sol",
                  "filename_short": "contract.sol",
                  "is_dependency": false,
                  "lines": [
                    4,
                    5,
                    6,
                    7,
                    8,
                    9,
                    10,
                    11,
                    12,
                    13,
                    14,
                    15,
                    16,
                    17,
                    18
                  ],
                  "starting_column": 1,
                  "ending_column": 0
                }
              },
              "signature": "claimThrone()"
            }
          },
          {
            "type": "node",
            "name": "(sent,None) = king.call{value: balance}()",
            "source_mapping": {
              "start": 287,
              "length": 44,
              "filename_relative": "contract.sol",
              "filename_absolute": "D:/PythonCode/blockchain_front/sample/contract.sol",
              "filename_short": "contract.sol",
              "is_dependency": false,
              "lines": [
                11
              ],
              "starting_column": 9,
              "ending_column": 53
            },
            "type_specific_fields": {
              "parent": {
                "type": "function",
                "name": "claimThrone",
                "source_mapping": {
                  "start": 156,
                  "length": 424,
                  "filename_relative": "contract.sol",
                  "filename_absolute": "D:/PythonCode/blockchain_front/sample/contract.sol",
                  "filename_short": "contract.sol",
                  "is_dependency": false,
                  "lines": [
                    8,
                    9,
                    10,
                    11,
                    12,
                    13,
                    14,
                    15,
                    16
                  ],
                  "starting_column": 5,
                  "ending_column": 6
                },
                "type_specific_fields": {
                  "parent": {
                    "type": "contract",
                    "name": "VulnerableKingOfEther",
                    "source_mapping": {
                      "start": 61,
                      "length": 522,
                      "filename_relative": "contract.sol",
                      "filename_absolute": "D:/PythonCode/blockchain_front/sample/contract.sol",
                      "filename_short": "contract.sol",
                      "is_dependency": false,
                      "lines": [
                        4,
                        5,
                        6,
                        7,
                        8,
                        9,
                        10,
                        11,
                        12,
                        13,
                        14,
                        15,
                        16,
                        17,
                        18
                      ],
                      "starting_column": 1,
                      "ending_column": 0
                    }
                  },
                  "signature": "claimThrone()"
                }
              }
            }
          }
        ],
        "description": "Low level call in VulnerableKingOfEther.claimThrone() (contract.sol#8-16):\n\t- (sent,None) = king.call{value: balance}() (contract.sol#11)\n",
        "markdown": "Low level call in [VulnerableKingOfEther.claimThrone()](contract.sol#L8-L16):\n\t- [(sent,None) = king.call{value: balance}()](contract.sol#L11)\n",
        "first_markdown_element": "contract.sol#L8-L16",
        "id": "0914107f68a1de94b270f95523defd404103c950e1ad22eb016915d9836ae168",
        "check": "low-level-calls",
        "impact": "Informational",
        "confidence": "High"
      }
    ]
  }
}